Keyword;Search Volume;CPC;Competition;Number of Results;Keyword Difficulty Index
stalling;1300;0.86;0.04;116;31
caravanstalling;3600;0.69;0.08;65;25
camperstalling;1300;0.63;0.22;110;23
bootstalling;390;2.41;0.19;110;14
fietsenstalling;5400;1.85;0.25;205;42
opslag;3600;4.36;0.41;108;56
self storage;1600;4.44;0.47;72;32
selfstorage;880;4.59;0.38;107;34
mini opslag;1300;2.22;0.19;174;30
opslagruimte;2900;3.8;0.5;105;46
shurgard;5400;3.78;0.49;375;27
allsafe;3600;2.44;0.5;143;50
city box;210;2.4;0.23;171;17
opslag amsterdam;590;7.73;0.77;106;22
opslag almere;590;7.48;0.82;108;26
opslag rotterdam;480;6.47;0.77;109;22
opslag utrecht;480;0;0;0;34
opslag den haag;480;6.14;0.8;108;32
opslag haarlem;480;7.14;0.79;104;15
opslag nijmegen;390;6;0.75;108;30
opslag eindhoven;320;0;0;0;19
opslag breda;320;4.9;0.83;108;25
opslag tilburg;260;4.54;0.84;107;22
opslag zwolle;260;4.51;0.79;104;17
opslag arnhem;210;4.76;0.67;109;24
opslag amersfoort;210;6.21;0.84;101;23
opslag delft;210;6.68;0.66;56;22
opslag leiden;170;5.01;0.81;106;21
fietsenstalling utrecht;1300;0;0.01;77;33
fietsenstalling eindhoven;720;0;0.33;110;28
fietsenstalling amsterdam;590;0;0.02;119;37
fietsenstalling haarlem;590;0;0.01;108;19
fietsenstalling groningen;390;0;0.01;103;32
fietsenstalling rotterdam;320;0;0.02;102;21
fietsenstalling den haag;320;0;0.33;112;24
self storage amsterdam;480;8.72;0.26;107;31
self storage rotterdam;390;0;0;0;30
self storage utrecht;390;0;0;0;35
self storage den haag;320;7.65;0.75;50;26
stalling amsterdam;210;0;0.03;125;31
caravanstalling kosten;320;0.44;0.05;108;13
